task,alg_id,alg_name,problem,seed,params,budget_target,pop_size,n_gen,evals_used,n_front,hv,igd,spacing,runtime_s,status,error
SMOKE,14,NSGA-II,P3,101,{},1000,40,24,1000,13,0.0,1.9549360639135056,0.037275560337096496,0.0979,ok,
SMOKE,14,NSGA-II,P3,102,{},1000,40,24,1000,9,0.0,1.9362060344102412,0.040056019922094725,0.0743,ok,
SMOKE,14,NSGA-II,P5,101,{},1000,40,24,1000,37,1.192375371625927,0.017755653931175033,0.023208988849157404,0.0683,ok,
SMOKE,14,NSGA-II,P5,102,{},1000,40,24,1000,35,1.193077030855673,0.014393536089594813,0.021910611041958062,0.0653,ok,
SMOKE,16,SPEA2,P5,101,{},1000,40,24,1040,40,1.1930780716726472,0.013092825290132209,0.02386493651057123,0.2314,ok,
SMOKE,16,SPEA2,P5,102,{},1000,40,24,1040,40,1.1920251710723222,0.014905682724148696,0.02301952132702668,0.2208,ok,
SMOKE,1,Weighted Sum,P1,101,{},1000,,,11000,11,1.0064597534170519,0.040379914104200026,0.01813404962839445,0.3288,ok,
SMOKE,1,Weighted Sum,P1,102,{},1000,,,11000,11,1.0064719136597104,0.040785548670870454,0.020854157545308744,0.3758,ok,
SMOKE,5,Value Function,P4,101,"{""best_f"": [0.0211, -0.1245]}",1000,,,1000,1,0.6096342708494866,0.4659830416609696,0.0,0.0254,ok,
SMOKE,5,Value Function,P4,102,"{""best_f"": [0.0214, -0.1249]}",1000,,,1000,1,0.6128282207490511,0.47028742515805744,0.0,0.0341,ok,
SMOKE,8,TOPSIS,P12,101,"{""top3"": [""S3"", ""S1"", ""S5""], ""top3_shifted"": [""S3"", ""S5"", ""S1""], ""rank1_flipped"": false, ""C_top"": 0.6298}",1000,,,0,3,0.6298,,0.1009,0.0005,ok,
SMOKE,8,TOPSIS,P12,102,"{""top3"": [""S3"", ""S1"", ""S5""], ""top3_shifted"": [""S3"", ""S5"", ""S1""], ""rank1_flipped"": false, ""C_top"": 0.6298}",1000,,,0,3,0.6298,,0.1009,0.0005,ok,
SMOKE,36,MGDA,P13,101,"{""steps"": 62, ""final_loss"": [0.5, 60.5]}",1000,,,62,1,0.2838908179008819,0.6278014363642102,0.0,0.0084,ok,
SMOKE,36,MGDA,P13,102,"{""steps"": 62, ""final_loss"": [0.5, 60.5]}",1000,,,62,1,0.2838908179008819,0.6278014363642102,0.0,0.005,ok,
SMOKE_C,17,PESA-II,P3,101,"{""n_divs"": 4}",1000,40,24,1000,6,0.0,1.359723929789333,0.05119835939796337,0.0729,ok,
SMOKE_C,29,MOBA,P3,101,"{""alpha"": 0.7}",1000,40,24,1000,2,0.11000153944514003,0.6086301735453323,0.0,0.1769,ok,
SMOKE_C,4,Weight Metric,P1,101,"{""p"": 1}",1000,,,11000,11,1.0064366584548976,0.04063662728719534,0.01892854647391992,0.1775,ok,
