task,alg_id,alg_name,problem,params,n_runs,hv_mean,hv_std,igd_mean,igd_std,spacing_mean,spacing_std,runtime_s_mean,runtime_s_std,evals_used_mean,evals_used_std,n_front_mean,n_front_std
A,1,Weighted Sum,P1,{},10,1.0064797973703585,4.094734191507048e-05,0.040522731715290194,0.00024329775240559124,0.01929217897491195,0.0013472118945856084,0.31609000000000004,0.031170158449673916,11000.0,0.0,11.0,0.0
A,1,Weighted Sum,P3,{},10,0.0,0.0,2.0086549005393337,0.2523830511291017,0.6297395411605978,0.30996718804619544,0.32624,0.027759170656839798,11000.0,0.0,3.9,0.5676462121975467
A,1,Weighted Sum,P4,{},10,0.8630023665030775,0.014298397559027318,0.04021039742228262,0.00850211613210063,0.050741568483626244,0.026073969546676203,0.78279,0.4177964455196918,11000.0,0.0,9.2,0.7888106377466155
A,2,Epsilon-Constraint,P2,{},10,1.0482307679206202,0.0009646252389388869,0.06292093303610849,0.0005868596723607357,0.20195741109747573,0.0028652258245727364,0.5248200000000001,0.015391036352370803,11000.0,0.0,11.0,0.0
A,2,Epsilon-Constraint,P3,{},10,0.0,0.0,1.9987116768533995,0.35294013866271645,0.0,0.0,0.68852,0.06615520135761563,12000.0,0.0,1.0,0.0
A,2,Epsilon-Constraint,P5,{},10,1.1662974033289644,0.006451200008750957,0.14818105705770526,0.006975514946209233,0.10458284538372578,0.012115527165263531,0.5954699999999999,0.025589713645221675,11000.0,0.0,7.6,1.0749676997731399
A,3,Benson's Method,P1,{},10,1.0065521319723956,7.211542196487504e-05,0.040216671296059645,0.00020372270110537348,0.018296565392806857,0.0009042638794708213,0.42316000000000004,0.008730304818402517,11000.0,0.0,11.0,0.0
A,3,Benson's Method,P7,{},10,0.4011656340168234,0.06743213618429575,0.20794585622555434,0.0464265741799038,0.2005834586491458,0.1668468344785956,0.45884,0.006996380016360838,11000.0,0.0,3.5,0.8498365855987975
A,4,Weight Metric,P1,{},10,0.9907735636639916,0.00036595759210846597,0.06656287040169218,0.0005506420951441351,0.14259426719902626,0.000946299178393142,0.5011699999999999,0.018840562034551332,11000.0,0.0,11.0,0.0
A,4,Weight Metric,P3,{},10,0.0,0.0,1.9966764209182195,0.35147862485898995,0.566458469684713,0.5846651639191602,0.5863399999999999,0.057009535264823136,11000.0,0.0,2.8,0.7888106377466155
A,5,Value Function,P4,{},10,0.6060688702828226,0.01202519154048986,0.46253229819104014,0.016085389312103855,0.0,0.0,0.03158,0.0025633311660155558,1000.0,0.0,1.0,0.0
A,5,Value Function,P14,{},10,0.10673091302909335,0.019219358280328766,0.6946723740631497,0.015832756549421997,0.0,0.0,0.01017,0.0005598610938835137,1000.0,0.0,1.0,0.0
A,6,Goal Programming,P11,{},10,1.2100000000000004,2.340555645717801e-16,0.0,0.0,0.0,0.0,0.04572999999999999,0.13484362177475556,0.0,0.0,1.0,0.0
A,6,Goal Programming,P7,{},10,0.13314087371059172,0.02363494389404118,0.6626286940366832,0.03173555302714736,0.0,0.0,0.01643,0.00046678569910494174,1000.0,0.0,1.0,0.0
A,7,Lexicographic,P11,{},10,1.2100000000000004,2.340555645717801e-16,0.0,0.0,0.0,0.0,0.0050100000000000006,0.0005626327003965868,0.0,0.0,1.0,0.0
A,7,Lexicographic,P7,{},10,0.12921806402037378,0.016993875316488237,0.6635406148833635,0.02499029115613576,0.0,0.0,0.00673,0.0007394442357458589,1000.0,0.0,1.0,0.0
A,8,TOPSIS,P12,{},10,0.6298000000000001,1.1702778228589004e-16,,,0.10090000000000002,1.4628472785736255e-17,0.00086,0.00029888682361946527,0.0,0.0,3.0,0.0
A,9,VIKOR,P12,{},10,0.9068000000000002,1.1702778228589004e-16,,,0.30039999999999994,5.851389114294502e-17,0.0012400000000000002,0.0002716206504995115,0.0,0.0,3.0,0.0
A,10,VEGA,P2,{},10,1.1162228225617015,0.004651248984300185,0.004108156304358759,0.006486468864729095,0.005559736147287464,0.008907351028999403,94.24398,66.05137447120318,10000.0,0.0,6552.6,4458.555849898784
A,10,VEGA,P3,{},10,0.01823964484202983,0.035775196803355204,0.8574729123482234,0.26322204981475344,0.0,0.0,0.34492,0.008128113078828455,10000.0,0.0,1.3,0.4830458915396479
A,11,MOGA,P3,{},10,0.48063513628102666,0.014453671412622637,0.03685020157720814,0.008428504526323325,0.02767073185615453,0.007112777463221233,0.35543,0.002611534244675173,10000.0,0.0,35.3,3.2676869155073254
A,11,MOGA,P5,{},10,1.191142911588212,0.0017176820633370243,0.018606196891019448,0.004582664814702022,0.016088034233998537,0.004791238429884648,0.3166,0.004429697757434718,10000.0,0.0,64.0,3.39934634239519
A,12,NSGA,P5,{},10,1.1912501399172841,0.001875247684537598,0.01708882699457359,0.0027831830056176962,0.019683969896667555,0.002073998088364851,0.3493,0.009362573245522712,10000.0,0.0,66.6,5.146735750831676
A,12,NSGA,P7,{},10,0.6311893991721605,0.025407838891943528,0.04657880247285384,0.017541363406610538,0.03058391578733744,0.006840911097480426,0.42639000000000005,0.011359914905784578,10000.0,0.0,22.9,4.724639903973871
A,13,NPGA,P3,{},10,0.1551374087091339,0.09060223101382661,0.3327294037733089,0.12797691100394684,0.07286147876095114,0.09835082134682414,0.6487,0.024584547992590806,10000.0,0.0,8.8,4.871686908385363
A,13,NPGA,P5,{},10,1.1850150330494746,0.0030741486768667606,0.028959871678296417,0.0044266162473438645,0.033359727213661906,0.016479578729891673,0.6910900000000001,0.04429761593785583,10000.0,0.0,39.7,2.8303906287138374
A,14,NSGA-II,P3,{},10,0.5164822329098834,0.061031139915428974,0.021240943485658973,0.049793620991525234,0.005659340300601919,0.0016103429802742856,0.71319,0.05646370417258231,10000.0,0.0,94.9,1.6633299933166197
A,14,NSGA-II,P5,{},10,1.195094330138016,0.00013283675536221394,0.006135623109697919,0.0003530880272255969,0.0073676787630931094,0.0008443196337663777,0.6132099999999999,0.028512198169282642,10000.0,0.0,95.5,1.5811388300841898
A,14,NSGA-II,P6,{},10,1.0197943271166674,0.0004251785979814415,0.005534863521730734,0.0002535084249009803,0.006103974224247076,0.0005150436030416872,0.6207,0.013093509842666336,10000.0,0.0,96.7,1.0593499054713802
A,15,NSGA-III,P10_M3,{},10,0.1970307139768329,0.061536854437618714,0.3366119622884339,0.037642464803484696,0.23663799081794887,0.05715048013522316,0.22779,0.006235819468557798,1635.0,0.0,14.8,0.4216370213557839
A,15,NSGA-III,P10_M5,{},10,0.1565578053922864,0.046504879023203445,0.5956798115934081,0.02896117701825234,0.13518679743232975,0.054752366883281306,2.15229,0.08132325688947233,3290.0,0.0,69.6,0.6992058987801011
A,16,SPEA2,P4,{},10,0.9686782411600801,0.00015820385683217413,0.003899664624926219,0.00033765636733457566,0.0024876157196167896,0.00026140500408623773,5.609700000000001,1.1084080937191962,10100.0,0.0,100.0,0.0
A,16,SPEA2,P5,{},10,1.1949101538020597,0.00017574593232249825,0.005389570429954958,0.00044201683405905147,0.013225421429778835,0.0030067883825298566,4.888810000000001,0.8529111800181773,10100.0,0.0,100.0,0.0
A,17,PESA-II,P3,{},10,0.5288712628204214,0.0023753473830920137,0.009590978911381338,0.0016980374926167869,0.008169022965130415,0.001316677238763531,1.24702,0.18117511970466582,10000.0,0.0,100.0,0.0
A,17,PESA-II,P5,{},10,1.194037197789609,0.0007026619403374419,0.010107591555969717,0.001535221089582147,0.008945254754194483,0.0005628792187025863,1.87705,0.2653315127659484,10000.0,0.0,100.0,0.0
A,18,MOEA/D,P3,{},10,0.5376033384694937,0.0010666416259318967,0.004099664600219456,0.00046667843657715186,0.0032074542816053083,0.0008084945551350011,3.3674500000000003,0.36411570581646463,10000.0,0.0,99.6,0.9660917830792958
A,18,MOEA/D,P10_M5,{},10,0.6830511117100003,0.05858519914932751,0.4707821235822274,0.023487888840050274,0.17041246340758726,0.05781298639725102,2.282,0.10357762521145406,5922.0,0.0,37.2,6.390965845976995
A,19,MOEA/D-DE,P3,{},10,0.5380615024695077,0.0001598546042441271,0.0038438020076394545,2.537884793437036e-05,0.0024994519346760997,0.00010864736001518413,3.0761899999999995,0.08607617362933066,10000.0,0.0,100.0,0.0
A,19,MOEA/D-DE,P5,{},10,0.7737758741481093,0.09460071060595164,0.32618885075474663,0.030216543199303905,0.0,0.0,3.12691,0.12159580082296333,10000.0,0.0,2.0,0.0
A,20,MOEA/D-ACO,P8,{},10,0.7108222810183034,0.04368438634167511,,,0.08380421223540716,0.047420870143482514,0.69731,0.03690809757582566,2000.0,0.0,7.1,1.8529256146249728
A,21,Constrained NSGA-II,P5,{},10,1.195094330138016,0.00013283675536221394,0.006135623109697919,0.0003530880272255969,0.0073676787630931094,0.0008443196337663777,0.59936,0.0052839799814575995,10000.0,0.0,95.5,1.5811388300841898
A,21,Constrained NSGA-II,P6,{},10,1.0197943271166674,0.0004251785979814415,0.005534863521730734,0.0002535084249009803,0.006103974224247076,0.0005150436030416872,0.6172,0.007631076813486646,10000.0,0.0,96.7,1.0593499054713802
A,21,Constrained NSGA-II,P7,{},10,0.6999456521748321,0.00023766444153815067,0.006113177652011184,0.0001359250147570567,0.005304354028451638,0.000344904049486993,0.7838,0.007268195557816721,10000.0,0.0,81.2,3.084008934992101
A,22,MOPSO,P4,{},10,0.9688375410942529,9.545091351925714e-05,0.014243130254799558,0.008693594186391717,0.0031484223517888885,0.0010407746508340253,0.5884,0.004102844541697055,5000.0,0.0,100.0,0.0
A,22,MOPSO,P5,{},10,1.1954598836591939,1.5359687451463363e-05,0.004538907251664654,8.097933869021289e-05,0.0033689381858452187,0.00030798084426431413,0.5712599999999999,0.0375201930817112,5000.0,0.0,100.0,0.0
A,23,MOGWO,P5,{},10,1.1954264568830175,5.8236295162542624e-05,0.005020542729806596,0.00035675351116293806,0.007308250772058894,0.0029549660146081912,0.3293,0.005503130422263726,5000.0,0.0,100.0,0.0
A,23,MOGWO,P9,{},10,1.1300230289073394,0.007913981820367285,,,0.02846583785615271,0.011391842032856718,5.56603,1.9800556855525273,5000.0,0.0,6.3,1.828782229912694
A,24,MOABC,P3,{},10,0.4182317550109329,0.018338805910968828,0.07848507067137836,0.008982412094825806,0.13415628257896792,0.057524350278675127,0.16230999999999998,0.0033616960005330636,3993.2,2.2997584414213788,10.1,1.1972189997378646
A,24,MOABC,P6,{},10,1.0078693499890108,0.0024201862762835524,0.02248396229629718,0.005379503549262441,0.01882754296493272,0.004760106810909965,0.18497000000000002,0.003458339357424472,4159.8,1.2292725943057183,58.6,2.6331223544175333
A,25,MOACO,P8,{},10,0.5994779637132653,0.17209166483501012,,,0.10307846942331056,0.09806094318123461,0.69731,0.008295038677828255,2000.0,0.0,6.3,1.4944341180973262
A,26,MOSA,P3,{},10,0.0,0.0,2.1954481013814666,0.5056741006796659,0.05702470808689275,0.08466477080351609,0.02857,0.0016706951314414671,201.0,0.0,4.7,3.3349995835415367
A,26,MOSA,P5,{},10,1.1463940517169253,0.03418098795005764,0.08372993273067698,0.031403667999129,0.05615431848459803,0.05707812162451393,0.044250000000000005,0.00575292196289078,201.0,0.0,43.0,13.67885635245546
A,27,MODE,P3,{},10,0.10998349178582081,1.2837259802398239e-05,0.6096775904995875,4.857497062621011e-06,0.0,0.0,1.4531699999999996,0.15683991874236325,10000.0,0.0,1.0,0.0
A,27,MODE,P5,{},10,1.1954645400309292,6.894974906066722e-05,0.004408078747555682,0.00015595203979022464,0.004569415079845826,0.0023979388919017426,6.999809999999999,0.39212684299853817,10000.0,0.0,100.0,0.0
A,28,MO-TLBO,P3,{},10,0.5195524540518193,0.06010875097225808,0.0190832067894866,0.04836391742794254,0.0016039611518636047,0.0005317094175004741,12.06331,0.31296290674774857,19900.0,0.0,100.0,0.0
A,28,MO-TLBO,P5,{},10,1.195492611598843,1.2552825492711652e-05,0.004418969214066366,5.364087322079562e-05,0.002594227529636665,0.000264251722572219,13.05619,0.22803640766821034,19900.0,0.0,100.0,0.0
A,29,MOBA,P3,{},10,0.3988802161661346,0.22663492066752333,0.22704448389100138,0.3763524931478801,0.0021842026112906593,0.0011960892935294525,1.86734,0.8185113617619082,4000.0,0.0,80.2,41.742065114222605
A,29,MOBA,P4,{},10,0.9685297715396018,0.00021193822051367907,0.004670940648490892,0.0009284584568551785,0.0026455823678173157,0.0004308823460017775,3.0287100000000002,0.10192635086178652,4000.0,0.0,100.0,0.0
A,30,MOMA,P5,{},10,1.1950306497419145,0.00022509612098996353,0.006311800026508933,0.0006961918537561137,0.007212060194412515,0.0004153004795431557,0.70292,0.006380142805785946,10794.6,14.690889088895274,95.6,2.2705848487901865
A,30,MOMA,P9,{},10,0.8585591782316225,0.028291980730531595,,,0.028100869550896346,0.012919859524854665,1.5033599999999998,0.0794366022547401,10494.9,0.31622776601683794,4.5,0.8498365855987975
A,31,RVEA,P10_M5,{},10,0.2486168460271984,0.05834889169161437,0.5899244713153776,0.038880443857208014,0.2606630705094609,0.03492893804012533,0.3384,0.060965017291339574,3290.0,0.0,32.0,4.642796092394707
A,32,IBEA,P3,{},10,0.0,0.0,9.252174278828779,0.0,0.0,0.0,6.3006,0.27709917197839323,10000.0,0.0,1.0,0.0
A,32,IBEA,P14,{},10,0.10901074494596028,0.023338714745463864,0.5393539751499306,0.029795605040186055,0.0,0.0,6.2045900000000005,0.08313785673339325,10000.0,0.0,1.0,0.0
A,33,SMS-EMOA,P3,{},10,0.0,0.0,2.587896553852167,0.2922266020949811,0.272487877554081,0.19842744823633215,0.13542,0.005334333239600907,200.0,0.0,7.7,3.3681514877517675
A,33,SMS-EMOA,P14,{},10,0.6317792173822128,0.011713720969632004,0.041068924818041815,0.006394961347693302,0.028132284750789688,0.005787535583393115,0.09612999999999998,0.002711723519174554,200.0,0.0,27.2,4.391911757866828
A,34,HypE,P10_M5,{},10,0.1560589130318355,0.07471281729408992,0.7150470664992316,0.061243436039873665,0.042680995969017345,0.06995718200108071,105.15500999999999,18.355646938231295,9870.0,0.0,86.6,24.441312930728124
A,35,R-NSGA-II,P5,{},10,1.1616582038385324,0.009314727865731846,0.08733527139855472,0.01608017166931491,0.10595982727665713,0.04491446620868354,0.7541,0.05106157502902201,10000.0,0.0,40.4,13.91402170474087
A,35,R-NSGA-II,P14,{},10,0.5191107707669363,0.024156885273707063,0.11134943643223552,0.00918585602864575,0.04662606610937915,0.03703538526374979,0.9917700000000002,0.08753485718399395,10000.0,0.0,7.3,2.2135943621178655
A,36,MGDA,P13,{},10,0.28389081790088183,5.851389114294502e-17,0.6278014363642102,0.0,0.0,0.0,0.00416,0.00031340424729448414,62.0,0.0,1.0,0.0
A,37,GradNorm,P13,{},10,0.6223847428745347,0.0,0.3990282118650072,0.0,0.0025847152977603676,4.57139774554258e-19,0.01011,0.0028846143589741765,101.0,0.0,43.0,0.0
C,17,PESA-II,P3,"{""n_divs"": 4}",10,0.5145301999318621,0.013304471892354564,0.01831762164718973,0.007340047053428315,0.010950455618775626,0.006453873966588792,0.7748200000000001,0.058179889614501296,10000.0,0.0,100.0,0.0
C,17,PESA-II,P3,"{""n_divs"": 8}",10,0.5263553982208773,0.0030772091206264446,0.010362959971984031,0.00202696882003826,0.008204339435273579,0.001538787501104707,0.7542600000000002,0.04957212926635289,10000.0,0.0,100.0,0.0
C,17,PESA-II,P3,"{""n_divs"": 16}",10,0.5297472670312773,0.003478361291826771,0.009273703318488464,0.0007223166226882889,0.007457194490857477,0.0009594342265192536,0.9372,0.2400391588424226,10000.0,0.0,100.0,0.0
C,17,PESA-II,P5,"{""n_divs"": 4}",10,1.1911319696786868,0.002753531757074679,0.015313102230870105,0.0036137868043837037,0.011286325607320843,0.0026618170601685853,1.4862300000000002,0.32958317125996855,10000.0,0.0,100.0,0.0
C,17,PESA-II,P5,"{""n_divs"": 8}",10,1.193326819126312,0.0008796071333328498,0.011577235495749252,0.0018763204156140329,0.008889494661347955,0.001182538161521614,1.1787699999999999,0.020159808751297442,10000.0,0.0,100.0,0.0
C,17,PESA-II,P5,"{""n_divs"": 16}",10,1.19468279246678,0.0001603791161505919,0.00811028346036965,0.0006249074224568323,0.008244925705741032,0.0005899911565204355,1.2344500000000003,0.06083489952321777,10000.0,0.0,100.0,0.0
C,29,MOBA,P3,"{""alpha"": 0.7}",10,0.4065795044920796,0.20466581454161858,0.18746301796584505,0.2911140136437139,0.002754486704711534,0.0020883774746644395,1.76857,0.8407535800300425,4000.0,0.0,70.5,47.502631506054485
C,29,MOBA,P3,"{""alpha"": 0.9}",10,0.3988802161661346,0.22663492066752333,0.22704448389100138,0.3763524931478801,0.0021842026112906593,0.0011960892935294525,1.77892,0.7847487125046958,4000.0,0.0,80.2,41.742065114222605
C,29,MOBA,P3,"{""alpha"": 0.99}",10,0.5012702006663514,0.11844086360104757,0.044208644243717884,0.12778108303771943,0.003069888976277221,0.0038380162443304557,2.51439,0.9022181547595779,4000.0,0.0,92.7,23.08462691922917
C,29,MOBA,P4,"{""alpha"": 0.7}",10,0.9677011404560518,0.00024228006752320173,0.0068575812572022055,0.003540106501568913,0.0031397019374063426,0.00034933931756423164,2.8255,0.12107655062443386,4000.0,0.0,100.0,0.0
C,29,MOBA,P4,"{""alpha"": 0.9}",10,0.9685297715396018,0.00021193822051367907,0.004670940648490892,0.0009284584568551785,0.0026455823678173157,0.0004308823460017775,2.8978599999999997,0.0920845649993044,4000.0,0.0,100.0,0.0
C,29,MOBA,P4,"{""alpha"": 0.99}",10,0.9689619311096276,0.00011626077857538552,0.004606215701086186,0.000592493099858442,0.0022059663708550075,0.0001509324561257395,2.85584,0.1076740265802297,4000.0,0.0,100.0,0.0
C,4,Weight Metric,P1,"{""p"": 1}",10,1.0064984841057911,3.92191377936766e-05,0.040461704421567005,0.000190851184270063,0.019132501467792253,0.0009058578500312474,0.14002,0.002663664977265557,11000.0,0.0,11.0,0.0
C,4,Weight Metric,P1,"{""p"": 2}",10,0.955299403468528,0.0006346875601651704,0.09597453684653923,0.0006979690266191237,0.1998025009596126,0.0010184777870610655,0.17279,0.01716077245088668,11000.0,0.0,11.0,0.0
C,4,Weight Metric,P1,"{""p"": Infinity}",10,0.9907735636639916,0.00036595759210846597,0.06656287040169218,0.0005506420951441351,0.14259426719902626,0.000946299178393142,0.13528,0.001882551460120017,11000.0,0.0,11.0,0.0
C,4,Weight Metric,P3,"{""p"": 1}",10,0.0,0.0,1.9971931403632694,0.3519171335604437,0.7972898381806265,0.5449331154481686,0.16088,0.002654890665252418,11000.0,0.0,3.8,0.9189365834726815
C,4,Weight Metric,P3,"{""p"": 2}",10,0.0,0.0,1.9966762735882113,0.3514785302613931,0.5325710842038374,0.6519791587700947,0.17395,0.0032881098927296584,11000.0,0.0,2.7,0.8232726023485646
C,4,Weight Metric,P3,"{""p"": Infinity}",10,0.0,0.0,1.9966764209182195,0.35147862485898995,0.566458469684713,0.5846651639191602,0.1581,0.0020325134959234877,11000.0,0.0,2.8,0.7888106377466155
D1,1,Weighted Sum,P3,{},10,0.0,0.0,2.0086549005393337,0.2523830511291017,0.6297395411605978,0.30996718804619544,0.26905000000000007,0.005182717005158159,11000.0,0.0,3.9,0.5676462121975467
D1,2,Epsilon-Constraint,P3,{},10,0.0,0.0,1.9987116768533995,0.35294013866271645,0.0,0.0,0.17351,0.02072499564401509,12000.0,0.0,1.0,0.0
D1,2,Epsilon-Constraint,P5,{},10,1.1662974033289644,0.006451200008750957,0.14818105705770526,0.006975514946209233,0.10458284538372578,0.012115527165263531,0.14545999999999998,0.0014001587211614395,11000.0,0.0,7.6,1.0749676997731399
D1,4,Weight Metric,P3,{},10,0.0,0.0,1.9966764209182195,0.35147862485898995,0.566458469684713,0.5846651639191602,0.15078,0.002388770022882539,11000.0,0.0,2.8,0.7888106377466155
D1,10,VEGA,P3,{},10,0.01823964484202983,0.035775196803355204,0.8574729123482234,0.26322204981475344,0.0,0.0,0.36935,0.003919254464251524,10000.0,0.0,1.3,0.4830458915396479
D1,11,MOGA,P3,{},10,0.48063513628102666,0.014453671412622637,0.03685020157720814,0.008428504526323325,0.02767073185615453,0.007112777463221233,0.38549,0.0025079650892484377,10000.0,0.0,35.3,3.2676869155073254
D1,11,MOGA,P5,{},10,1.191142911588212,0.0017176820633370243,0.018606196891019448,0.004582664814702022,0.016088034233998537,0.004791238429884648,0.34512,0.002506790777069345,10000.0,0.0,64.0,3.39934634239519
D1,12,NSGA,P5,{},10,1.1912501399172841,0.001875247684537598,0.01708882699457359,0.0027831830056176962,0.019683969896667555,0.002073998088364851,0.36988,0.0034495732425266095,10000.0,0.0,66.6,5.146735750831676
D1,13,NPGA,P3,{},10,0.14851720594682766,0.08145099935702106,0.36762745888059173,0.11904439419791596,0.11155899376927399,0.11896611086524604,0.74531,0.04051881455982312,10000.0,0.0,7.2,3.190262963734773
D1,13,NPGA,P5,{},10,1.1853305802624077,0.0031307989168752157,0.027921211019184232,0.004239407950086107,0.03952601630673138,0.01664911034680096,0.80263,0.0057913824870328735,10000.0,0.0,40.0,2.70801280154532
D1,14,NSGA-II,P3,{},10,0.5164822329098834,0.061031139915428974,0.021240943485658973,0.049793620991525234,0.005659340300601919,0.0016103429802742856,0.74631,0.06030357369178048,10000.0,0.0,94.9,1.6633299933166197
D1,14,NSGA-II,P5,{},10,1.195094330138016,0.00013283675536221394,0.006135623109697919,0.0003530880272255969,0.0073676787630931094,0.0008443196337663777,0.6423300000000001,0.039364508831631013,10000.0,0.0,95.5,1.5811388300841898
D1,16,SPEA2,P5,{},10,1.1949101538020597,0.00017574593232249825,0.005389570429954958,0.00044201683405905147,0.013225421429778835,0.0030067883825298566,4.51196,0.11574795606546723,10100.0,0.0,100.0,0.0
D1,17,PESA-II,P3,{},10,0.5288712628204214,0.0023753473830920137,0.009590978911381338,0.0016980374926167869,0.008169022965130415,0.001316677238763531,0.8129799999999999,0.07224390477941914,10000.0,0.0,100.0,0.0
D1,17,PESA-II,P5,{},10,1.194037197789609,0.0007026619403374419,0.010107591555969717,0.001535221089582147,0.008945254754194483,0.0005628792187025863,1.3334499999999998,0.06256863342673297,10000.0,0.0,100.0,0.0
D1,18,MOEA/D,P3,{},10,0.5376033384694937,0.0010666416259318967,0.004099664600219456,0.00046667843657715186,0.0032074542816053083,0.0008084945551350011,5.930949999999999,0.08013827286495377,10000.0,0.0,99.6,0.9660917830792958
D1,19,MOEA/D-DE,P3,{},10,0.5380615024695077,0.0001598546042441271,0.0038438020076394545,2.537884793437036e-05,0.0024994519346760997,0.00010864736001518413,5.78239,0.11909373012696996,10000.0,0.0,100.0,0.0
D1,19,MOEA/D-DE,P5,{},10,0.7737758741481093,0.09460071060595164,0.32618885075474663,0.030216543199303905,0.0,0.0,5.828619999999999,0.08931263192976799,10000.0,0.0,2.0,0.0
D1,21,Constrained NSGA-II,P5,{},10,1.195094330138016,0.00013283675536221394,0.006135623109697919,0.0003530880272255969,0.0073676787630931094,0.0008443196337663777,0.60258,0.0033091791530025475,10000.0,0.0,95.5,1.5811388300841898
D1,22,MOPSO,P5,{},10,1.1954598836591939,1.5359687451463363e-05,0.004538907251664654,8.097933869021289e-05,0.0033689381858452187,0.00030798084426431413,0.58787,0.015410966513781304,5000.0,0.0,100.0,0.0
D1,23,MOGWO,P5,{},10,1.1954264568830175,5.8236295162542624e-05,0.005020542729806596,0.00035675351116293806,0.007308250772058894,0.0029549660146081912,0.31454,0.004668142623737578,5000.0,0.0,100.0,0.0
D1,24,MOABC,P3,{},10,0.4182317550109329,0.018338805910968828,0.07848507067137836,0.008982412094825806,0.13415628257896792,0.057524350278675127,0.15652999999999997,0.00478447721514297,3993.2,2.2997584414213788,10.1,1.1972189997378646
D1,26,MOSA,P3,{},10,0.0,0.0,2.1954481013814666,0.5056741006796659,0.05702470808689275,0.08466477080351609,0.029619999999999997,0.002313631104754794,201.0,0.0,4.7,3.3349995835415367
D1,26,MOSA,P5,{},10,1.1463940517169253,0.03418098795005764,0.08372993273067698,0.031403667999129,0.05615431848459803,0.05707812162451393,0.04603,0.005703225208404257,201.0,0.0,43.0,13.67885635245546
D1,27,MODE,P3,{},10,0.10998349178582081,1.2837259802398239e-05,0.6096775904995875,4.857497062621011e-06,0.0,0.0,1.45845,0.0781639764995501,10000.0,0.0,1.0,0.0
D1,27,MODE,P5,{},10,1.1954645400309292,6.894974906066722e-05,0.004408078747555682,0.00015595203979022464,0.004569415079845826,0.0023979388919017426,6.590320000000001,0.10900451366801278,10000.0,0.0,100.0,0.0
D1,28,MO-TLBO,P3,{},10,0.5195524540518193,0.06010875097225808,0.0190832067894866,0.04836391742794254,0.0016039611518636047,0.0005317094175004741,11.575490000000002,0.3533990236105482,19900.0,0.0,100.0,0.0
D1,28,MO-TLBO,P5,{},10,1.195492611598843,1.2552825492711652e-05,0.004418969214066366,5.364087322079562e-05,0.002594227529636665,0.000264251722572219,12.75631,0.8713403155165288,19900.0,0.0,100.0,0.0
D1,29,MOBA,P3,{},10,0.3988802161661346,0.22663492066752333,0.22704448389100138,0.3763524931478801,0.0021842026112906593,0.0011960892935294525,1.8345499999999997,0.8321132765435244,4000.0,0.0,80.2,41.742065114222605
D1,30,MOMA,P5,{},10,1.1950306497419145,0.00022509612098996353,0.006311800026508933,0.0006961918537561137,0.007212060194412515,0.0004153004795431557,0.7277399999999999,0.031558066410278626,10794.6,14.690889088895274,95.6,2.2705848487901865
D1,32,IBEA,P3,{},10,0.0,0.0,9.252174278828779,0.0,0.0,0.0,6.14494,0.09391264498931376,10000.0,0.0,1.0,0.0
D1,33,SMS-EMOA,P3,{},10,0.0,0.0,2.587896553852167,0.2922266020949811,0.272487877554081,0.19842744823633215,0.13862000000000002,0.00791493665307703,200.0,0.0,7.7,3.3681514877517675
D1,35,R-NSGA-II,P5,{},10,1.1616582038385324,0.009314727865731846,0.08733527139855472,0.01608017166931491,0.10595982727665713,0.04491446620868354,0.75596,0.024054576834080178,10000.0,0.0,40.4,13.91402170474087
D2,14,NSGA-II,P10_M5,{},10,0.05502956219433014,0.018100416968661853,0.7042702170256584,0.032228787910804656,0.08735523538757858,0.0071541245423776025,1.3228199999999999,0.0608161126310746,9870.0,0.0,209.9,0.31622776601683794
D2,15,NSGA-III,P10_M5,{},10,0.1565578053922864,0.046504879023203445,0.5956798115934081,0.02896117701825234,0.13518679743232975,0.054752366883281306,2.1108000000000002,0.0703623478857834,3290.0,0.0,69.6,0.6992058987801011
D2,18,MOEA/D,P10_M5,{},10,0.6830511117100003,0.05858519914932751,0.4707821235822274,0.023487888840050274,0.17041246340758726,0.05781298639725102,2.3483899999999998,0.12080388560711856,5922.0,0.0,37.2,6.390965845976995
D2,31,RVEA,P10_M5,{},10,0.2486168460271984,0.05834889169161437,0.5899244713153776,0.038880443857208014,0.2606630705094609,0.03492893804012533,0.32317,0.042365658262323753,3290.0,0.0,32.0,4.642796092394707
D2,34,HypE,P10_M5,{},10,0.2028380977150001,0.0681840943094286,0.6693987670406313,0.03579910821055924,0.05878888245740042,0.09471253838035416,6.144629999999999,0.2011740321766758,9870.0,0.0,78.8,24.63421288461323
D3,20,MOEA/D-ACO,P8,{},10,0.7108222810183034,0.04368438634167511,,,0.08380421223540716,0.047420870143482514,0.8665900000000001,0.20574063742705007,2000.0,0.0,7.1,1.8529256146249728
D3,25,MOACO,P8,{},10,0.5994779637132653,0.17209166483501012,,,0.10307846942331056,0.09806094318123461,0.8994,0.2330320531123943,2000.0,0.0,6.3,1.4944341180973262
D3,14,NSGA-II,P8,{},10,0.0,0.0,,,0.07369696006955653,0.15579863005077457,1.0705900000000002,0.043437629616113596,10000.0,0.0,2.6,1.8973665961010275
D3,30,MOMA,P8,{},10,0.0,0.0,,,0.16409075275136503,0.22122385246717227,1.35909,0.13336768265879775,10444.8,24.284425736124238,2.7,1.1595018087284057
