problem,quantity,computed,expected_from_PDF
P1,"F(x=5), F(x=3)","[[4.0, 4.0], [0.0, 16.0]]","(4,4), (0,16)"
P2,"F(x=2), F(x=10)","[[50.0, 4.0], [10.0, 100.0]]","(50,4), (10,100)"
P3,"F at x1=0.5, rest 0","[[0.5, 0.75]]","(0.5, 1-0.25=0.75)"
P4,"w=(0,0,1,0): (risk, -return)","[[0.09, -0.15]]","(0.09, -0.15)"
P4,min-risk weights,"[0.608, 0.115, 0.051, 0.225]","a mixture, not a single asset"
P5,"(0.01,0.05): mass, deflection, CV","[3.925, 0.016, 0.0]","3.925, 0.016, feasible"
P5,"fraction of random designs infeasible (100000, seed 0)",0.0262,
P6,"(0,0),(5,3)","[[0.0, 50.0], [136.0, 4.0]]","(0,50),(136,4); both feasible, CV=[0.0, 0.0]"
P7,"natural units of (10,80),(70,20)","[[8.0, 96.0], [56.0, 24.0]]","(8,96),(56,24)"
P8,coordinates (seed 7),"[[7.63, 77.99], [43.84, 72.35], [97.8, 53.85], [50.11, 7.21], [26.84, 49.99], [67.92, 80.37], [38.09, 6.59], [28.81, 90.96], [21.34, 45.21], [93.12, 2.49], [60.05, 95.01], [23.03, 54.85], [90.91, 13.32], [52.34, 75.04], [66.9, 46.78]]",
P8,"ideal (dist, time)","[351.84, 366.33]",
P8,"nadir (dist, time)","[411.43, 463.67]",
P8,"nearest-neighbour tour on distance -> (dist, time)","[362.01, 484.06]",
P8,"nearest-neighbour tour on time -> (dist, time)","[490.4, 495.72]",
P8,"mean random tour (dist, time)","[815.39, 996.34]",
P8,shortest-distance tour (2-opt),"[10, 13, 1, 7, 0, 11, 4, 8, 6, 3, 9, 12, 2, 14, 5]",
P8,shortest-time tour (2-opt),"[13, 1, 10, 7, 0, 11, 8, 4, 3, 6, 9, 12, 2, 5, 14]",
P9,"all-ones mask: (error, #features)","[[0.0351, 30.0]]",accuracy baseline
P10,M=3: non-dominated fraction of 200 random points,0.29,
P10,M=3: sum f^2 when g=0,"[1.0, 1.0, 1.0, 1.0, 1.0]",1.0
P10,M=5: non-dominated fraction of 200 random points,0.485,
P10,M=5: sum f^2 when g=0,"[1.0, 1.0, 1.0, 1.0, 1.0]",1.0
P11,"corners (profit, units)","[[-0.0, -0.0], [1600.0, 400.0], [2400.0, 500.0], [2400.0, 400.0]]","(0,0),(1600,400),(2400,500),(2400,400)"
P12,Pareto-optimal suppliers,"['S1', 'S2', 'S3', 'S4', 'S5']",
P13b,"initial (cls loss, reg loss)","[0.7638, 6.1466]",
P13a,"gradients at (0,5)","[[-6.0, 4.0], [6.0, 16.0]]",
P14,"(13,40),(13,90) natural","[[1.53, 8.989], [2.13, 20.225]]","(1.53, 9.0), (2.13, 20.2)"
P14,"front point with weight 1.8 kg: x2, runtime","[62.5, 14.04]","runtime > 12 h -> reference point (1.8, 12) is attainable"
