4.362139186108841132e-02,4.624492894860841169e-02,1.135783216896683878e-02,9.988135030038955975e-01,0.000000000000000000e+00
4.010024143598450992e-17,3.018989589998861994e-17,3.507543673733724247e-17,1.000046137436073845e+00,0.000000000000000000e+00
7.150407547678611087e-01,5.474383049577208338e-01,4.203873715369736974e-01,3.321423529500738270e-01,1.015751828654170852e-01
6.222560260784776309e-01,6.827356362346681529e-01,3.249029429802652857e-01,3.144244700661229519e-01,2.549960021524246834e-01
6.172134607718949839e-01,5.556207952257122828e-01,3.804120550636556075e-01,1.575298184265201129e-01,4.832865846614198824e-01
2.077452286896176126e-19,2.348873420681448083e-19,1.703724805875379834e-19,6.123748507373159385e-17,1.000101008198969854e+00
5.929590502509761718e-01,5.379722627361795961e-01,2.838340508261120165e-01,5.862272328791510168e-01,2.949110919599370328e-01
5.636931698368145005e-01,5.153998595343590727e-01,2.757055904984215822e-01,2.223359374543072420e-01,5.665727993258835582e-01
6.190862439073888668e-01,4.926335958441299123e-01,1.567595782595528342e-01,4.681437317455544034e-01,4.616043929667467127e-01
4.680266566482981958e-17,3.391121173306708864e-17,2.023499657950323548e-17,1.000068731906285979e+00,0.000000000000000000e+00
5.945499539028992197e-01,4.782291129663646112e-01,4.752380845958834588e-01,4.853386987115371198e-01,2.288851685561514582e-01
6.335507641517686972e-01,5.203624044113011049e-01,3.709923867190089153e-01,2.441402872601526608e-01,5.246653719863335619e-01
6.271804152667636023e-01,4.871777283052451946e-01,1.970456526421417165e-01,4.763736745459913324e-01,4.882314197295919977e-01
2.183360574077688573e-33,2.468618727160770439e-33,1.788648956192402021e-33,6.123758969351397996e-17,1.000085734697546691e+00
5.666300549625498117e-01,8.378053156285869552e-02,9.271636932528566633e-02,6.123333594084818809e-01,6.321373139072598013e-01
4.010632083039360296e-17,3.005404615102971560e-17,3.518573571934099312e-17,1.000053234049169681e+00,0.000000000000000000e+00
4.003876850184533736e-17,3.014389678438134385e-17,3.518569954892639071e-17,1.000052206009273359e+00,0.000000000000000000e+00
5.656664236649043831e-01,4.672190504527846122e-01,4.265735837605703074e-01,5.673267163349607900e-01,2.812882626226787530e-01
5.262480759788299434e-01,5.133039910601102651e-01,3.901797915036177011e-01,1.898205760339194970e-01,5.429545398744376472e-01
3.995037901383914624e-17,3.007735119112314082e-17,3.534155010131787087e-17,1.000040745019544541e+00,0.000000000000000000e+00
5.579445313389831407e-01,5.058308401589461933e-01,2.735153035881110473e-01,2.876544516019699516e-01,5.503016511920924003e-01
2.196030756373202416e-33,2.457350394878130802e-33,1.788647328265617522e-33,6.123753395853472501e-17,1.000084824476260126e+00
5.135512676520661568e-01,4.318592295096734812e-01,4.573342646477432938e-01,4.778478008176839098e-01,5.133867271942148536e-01
3.988497758583205183e-17,3.016460976212226217e-17,3.534179941039425470e-17,1.000047799583754893e+00,0.000000000000000000e+00
4.003887433353783945e-17,3.014369502018826503e-17,3.518567370955174951e-17,1.000051471599443742e+00,0.000000000000000000e+00
6.290712477594631621e-17,1.491527065957662261e-17,1.055833461958518349e+00,0.000000000000000000e+00,0.000000000000000000e+00
2.785863888014453171e-01,2.052207861353368690e-01,4.286582481077612083e-01,6.214183712478700272e-01,6.186531168577771300e-01
3.012879294848763694e-17,2.813793838038380300e-17,1.361847930816869119e-17,7.090374006266295659e-01,7.108923991137043874e-01
2.144506867202652623e-33,2.399695351099048619e-33,1.924461600729635064e-33,6.123888109632616280e-17,1.000106824905973912e+00
2.186168717632709974e-33,2.471793757364570596e-33,1.780835809339059764e-33,6.123773628411729588e-17,1.000088128703776391e+00
4.039708834143877546e-17,2.966215837087265749e-17,3.518577581891989022e-17,1.000054373764248661e+00,0.000000000000000000e+00
