8.999999999999999667e-02,-1.499999999999999944e-01
7.987080948687493021e-02,-1.481073486727577382e-01
8.648595890804723629e-03,-1.031166547764709729e-01
8.230771564094795101e-02,-1.485791091766872629e-01
7.197088191618640149e-03,-9.455222390561872359e-02
8.337645565549636761e-02,-1.487825206099721853e-01
7.763852818232850304e-03,-9.933538255080225088e-02
5.031892383865094187e-02,-1.410304944188803256e-01
7.517367979320468963e-03,-9.809256678613294256e-02
8.100321899481827126e-02,-1.483279780822867877e-01
8.753030722228086202e-02,-1.495543332288260252e-01
8.621643934352761496e-02,-1.493133245382504137e-01
9.303930146696960321e-03,-1.054112239212215002e-01
5.395229556536101229e-02,-1.421027349559726705e-01
5.283580813918951208e-02,-1.417825661751343502e-01
1.079118443436574010e-02,-1.091436256017965373e-01
6.240461179626521915e-02,-1.443157792671799500e-01
7.378025911802295334e-02,-1.468749743070639768e-01
1.190819002958223329e-02,-1.115854598479069093e-01
7.499799360650804929e-03,-9.690861516044642354e-02
8.379077370620161697e-03,-1.020171053469419165e-01
1.115497859596345682e-02,-1.099315891552534313e-01
6.012219514318489083e-02,-1.437501684784058820e-01
3.907121581242329472e-02,-1.368681763123710815e-01
7.891644207587499016e-02,-1.479194466253150320e-01
6.509641562918178082e-02,-1.449576586832604652e-01
6.367462494561892949e-02,-1.446218361447380030e-01
7.689489203864556532e-02,-1.475152528948284192e-01
7.530734731499548473e-02,-1.471916615772376757e-01
1.025657907224694285e-02,-1.076522691615612176e-01
7.112560561239508750e-02,-1.463109462686717488e-01
1.953786357291610945e-02,-1.229557114694643655e-01
7.791998237615742340e-02,-1.477212822850071938e-01
7.855436774563483160e-03,-1.001913011250551433e-01
2.075463281370307222e-02,-1.242059658893247681e-01
2.922667537431787588e-02,-1.311344529118455837e-01
6.844623165314976665e-02,-1.457227882366080862e-01
7.226968134682910938e-03,-9.589910878222511481e-02
2.148749721847201949e-02,-1.249279091012089199e-01
9.935634229310945711e-03,-1.069170468683344477e-01
4.904269918745981366e-02,-1.406311294731747985e-01
8.280308653637052582e-03,-1.010639789936065291e-01
5.773109027054233039e-02,-1.431339621114247340e-01
1.047877892915934084e-02,-1.084732698074077906e-01
2.299151113808409544e-02,-1.263268077937871603e-01
7.243693041059794113e-02,-1.465917758609674160e-01
4.626879716219264860e-02,-1.397135198058124250e-01
3.280992600782982327e-02,-1.334280315379780812e-01
2.443812574619169328e-02,-1.275735669788909954e-01
5.518305737965795155e-02,-1.424470706614484328e-01
1.548189618069069871e-02,-1.175999507453350801e-01
2.647304493169341105e-02,-1.291777364116226123e-01
1.665192746823497202e-02,-1.192465004229920356e-01
1.147265833706165479e-02,-1.106987354447947630e-01
6.597090106796384135e-02,-1.451608184398541224e-01
4.410028965545353952e-02,-1.389393727337929763e-01
2.571562987203391062e-02,-1.285986153699285595e-01
6.988031612571707352e-02,-1.460400622863048947e-01
1.887379141229662480e-02,-1.221530474010163597e-01
1.324768330418951874e-02,-1.139969292403823914e-01
2.505051083896058656e-02,-1.280728302372652061e-01
8.898561184232479243e-03,-1.041005414271680002e-01
1.609295179213937957e-02,-1.184644955301749625e-01
4.188410111907449329e-02,-1.380828267640271667e-01
3.185287587137491938e-02,-1.328412810118876353e-01
4.760959039437511614e-02,-1.401661837847024139e-01
1.229592220658067871e-02,-1.123488171278683723e-01
3.086058495911915556e-02,-1.321591770098813345e-01
1.377858037881906327e-02,-1.145820431955802826e-01
5.161615866287100340e-02,-1.414236502773653925e-01
1.465349057257817923e-02,-1.163143474368460994e-01
4.527669632287598805e-02,-1.393662829117663926e-01
8.491402339257302090e-02,-1.490716103132709303e-01
1.441294062389531644e-02,-1.154303587445834473e-01
1.819921958875971718e-02,-1.213162744786943081e-01
9.579479084060696023e-03,-1.062265167086864082e-01
3.373158985622758121e-02,-1.339793826711247471e-01
5.895446732164979359e-02,-1.434524397250066807e-01
2.749965538821646030e-02,-1.298532468415580510e-01
3.460247707169014642e-02,-1.344365077241448103e-01
3.550000000000000377e-02,-1.350000000000000089e-01
4.282027108815689154e-02,-1.384537798346977266e-01
2.000096140993468455e-02,-1.234539886355219135e-01
8.876559965723213041e-02,-1.497784218772820752e-01
6.131943605740323294e-02,-1.440494492039893493e-01
5.647389116861611241e-02,-1.427992163491647870e-01
1.770781238586584261e-02,-1.206871685572785541e-01
2.993319067721273916e-02,-1.315878892562555025e-01
1.507129023531083439e-02,-1.169548168943716909e-01
2.855069914342701562e-02,-1.304532298861055539e-01
1.721959542343184935e-02,-1.199511233404171734e-01
4.101161212740212642e-02,-1.377234727214863841e-01
4.010653115461514789e-02,-1.373350075517765778e-01
2.380026410072558912e-02,-1.268768391458265643e-01
2.222421613039680943e-02,-1.256203777207448580e-01
3.618462039491244370e-02,-1.353982927819236959e-01
3.800573363101120150e-02,-1.363583015154082312e-01
1.281237127012197462e-02,-1.132946778334723292e-01
6.737703977551856571e-02,-1.454823527022540974e-01
3.722142972087890550e-02,-1.359603115659672179e-01
